MCD12Q1.A2001001.h09v04.006.2018053190801.LC_Type1,MCD12Q1,A2001001,Lat40.032878Lon-105.546403Samp17Line17,2018053190801,10.0,10.0,10.0,10.0,10.0,9.0,10.0,8.0,8.0,9.0,9.0,10.0,9.0,8.0,8.0,8.0,8.0,10.0,10.0,10.0,10.0,9.0,10.0,10.0,10.0,10.0,10.0,10.0,10.0,9.0,8.0,10.0,10.0,10.0,10.0,10.0,10.0,10.0,10.0,10.0,10.0,10.0,10.0,10.0,10.0,10.0,10.0,10.0,10.0,10.0,8.0,10.0,10.0,10.0,9.0,10.0,10.0,10.0,10.0,10.0,10.0,10.0,10.0,10.0,10.0,8.0,8.0,8.0,10.0,10.0,9.0,8.0,8.0,10.0,10.0,10.0,10.0,10.0,10.0,10.0,8.0,8.0,8.0,8.0,8.0,9.0,9.0,8.0,8.0,8.0,9.0,8.0,8.0,8.0,8.0,8.0,8.0,1.0,8.0,8.0,8.0,8.0,9.0,8.0,8.0,8.0,8.0,8.0,8.0,8.0,1.0,1.0,1.0,1.0,8.0,8.0,8.0,8.0,8.0,8.0,8.0,8.0,8.0,8.0,1.0,1.0,1.0,1.0,1.0,1.0,1.0,8.0,8.0,8.0,8.0,8.0,8.0,8.0,8.0,8.0,8.0,1.0,1.0,1.0,8.0,8.0,8.0,8.0,8.0,8.0,8.0,8.0,8.0,8.0,8.0,8.0,8.0,8.0,1.0,1.0,1.0,8.0,8.0,8.0,8.0,8.0,8.0,8.0,8.0,8.0,8.0,8.0,8.0,8.0,1.0,1.0,1.0,1.0,1.0,8.0,8.0,8.0,8.0,8.0,8.0,8.0,8.0,8.0,8.0,8.0,1.0,1.0,1.0,1.0,1.0,8.0,8.0,8.0,8.0,8.0,8.0,8.0,8.0,8.0,8.0,8.0,8.0,8.0,1.0,1.0,1.0,8.0,8.0,8.0,8.0,8.0,8.0,8.0,8.0,8.0,8.0,8.0,8.0,1.0,1.0,1.0,1.0,8.0,8.0,8.0,8.0,8.0,8.0,8.0,8.0,8.0,8.0,8.0,8.0,8.0,1.0,1.0,8.0,8.0,10.0,8.0,8.0,8.0,10.0,10.0,10.0,10.0,10.0,10.0,10.0,1.0,1.0,8.0,8.0,8.0,10.0,10.0,10.0,10.0,10.0,10.0,10.0,10.0,10.0,8.0,8.0,8.0,8.0,8.0,8.0,10.0,10.0,10.0,10.0,10.0,10.0,10.0,10.0,8.0,10.0,10.0,8.0,8.0,8.0
MCD12Q1.A2002001.h09v04.006.2018054003917.LC_Type1,MCD12Q1,A2002001,Lat40.032878Lon-105.546403Samp17Line17,2018054003917,10.0,10.0,10.0,10.0,9.0,9.0,8.0,8.0,9.0,9.0,10.0,10.0,9.0,8.0,8.0,8.0,8.0,10.0,10.0,10.0,10.0,10.0,10.0,10.0,10.0,10.0,10.0,10.0,10.0,9.0,8.0,10.0,10.0,10.0,10.0,10.0,10.0,10.0,10.0,10.0,10.0,10.0,10.0,10.0,10.0,10.0,10.0,10.0,10.0,10.0,8.0,10.0,10.0,10.0,10.0,10.0,10.0,10.0,10.0,10.0,10.0,10.0,10.0,10.0,10.0,8.0,8.0,8.0,10.0,10.0,9.0,8.0,8.0,10.0,10.0,10.0,10.0,10.0,10.0,10.0,8.0,8.0,8.0,8.0,8.0,10.0,9.0,8.0,8.0,8.0,9.0,8.0,8.0,8.0,8.0,8.0,8.0,8.0,8.0,8.0,8.0,8.0,10.0,10.0,8.0,8.0,8.0,8.0,8.0,8.0,8.0,1.0,1.0,1.0,8.0,8.0,8.0,8.0,8.0,8.0,8.0,8.0,8.0,8.0,1.0,1.0,1.0,1.0,1.0,1.0,1.0,8.0,8.0,8.0,8.0,8.0,8.0,8.0,8.0,8.0,8.0,1.0,1.0,1.0,8.0,8.0,8.0,8.0,8.0,8.0,8.0,8.0,8.0,8.0,8.0,8.0,8.0,8.0,1.0,1.0,1.0,8.0,8.0,8.0,8.0,8.0,8.0,8.0,8.0,8.0,8.0,8.0,8.0,8.0,1.0,1.0,1.0,1.0,1.0,8.0,8.0,8.0,8.0,8.0,8.0,8.0,8.0,8.0,8.0,8.0,1.0,1.0,1.0,1.0,1.0,8.0,8.0,8.0,8.0,8.0,8.0,8.0,8.0,8.0,8.0,8.0,8.0,8.0,1.0,1.0,1.0,8.0,8.0,8.0,8.0,8.0,8.0,8.0,8.0,8.0,8.0,8.0,8.0,1.0,1.0,1.0,1.0,8.0,8.0,8.0,8.0,8.0,8.0,8.0,8.0,8.0,8.0,8.0,8.0,8.0,1.0,1.0,8.0,8.0,10.0,8.0,8.0,8.0,10.0,10.0,10.0,10.0,10.0,10.0,10.0,1.0,1.0,8.0,8.0,8.0,10.0,10.0,10.0,10.0,10.0,10.0,10.0,8.0,10.0,8.0,8.0,8.0,8.0,8.0,8.0,10.0,10.0,10.0,10.0,10.0,10.0,10.0,10.0,8.0,10.0,10.0,8.0,8.0,8.0
MCD12Q1.A2003001.h09v04.006.2018054093457.LC_Type1,MCD12Q1,A2003001,Lat40.032878Lon-105.546403Samp17Line17,2018054093457,10.0,10.0,10.0,10.0,9.0,9.0,10.0,8.0,9.0,10.0,10.0,10.0,10.0,8.0,8.0,8.0,8.0,10.0,10.0,10.0,10.0,10.0,10.0,10.0,10.0,10.0,10.0,10.0,10.0,9.0,8.0,10.0,10.0,10.0,10.0,10.0,10.0,10.0,10.0,10.0,10.0,10.0,10.0,10.0,10.0,10.0,10.0,10.0,10.0,10.0,8.0,10.0,10.0,10.0,10.0,10.0,10.0,10.0,10.0,10.0,10.0,10.0,10.0,10.0,10.0,8.0,8.0,8.0,10.0,10.0,9.0,8.0,10.0,10.0,10.0,10.0,10.0,10.0,10.0,10.0,8.0,8.0,8.0,8.0,8.0,10.0,9.0,8.0,10.0,8.0,9.0,8.0,8.0,8.0,8.0,8.0,8.0,8.0,8.0,8.0,8.0,8.0,10.0,10.0,8.0,8.0,8.0,8.0,8.0,8.0,8.0,1.0,1.0,1.0,8.0,8.0,8.0,8.0,8.0,10.0,8.0,8.0,8.0,8.0,1.0,1.0,1.0,1.0,1.0,1.0,1.0,8.0,8.0,8.0,8.0,8.0,8.0,8.0,8.0,8.0,8.0,1.0,1.0,1.0,8.0,8.0,8.0,8.0,8.0,8.0,8.0,8.0,8.0,9.0,8.0,8.0,8.0,8.0,1.0,1.0,1.0,8.0,8.0,8.0,8.0,8.0,8.0,8.0,8.0,8.0,8.0,8.0,8.0,8.0,1.0,1.0,1.0,1.0,1.0,8.0,8.0,8.0,8.0,8.0,8.0,8.0,8.0,8.0,8.0,8.0,1.0,1.0,1.0,1.0,1.0,8.0,8.0,8.0,8.0,8.0,8.0,8.0,8.0,8.0,8.0,8.0,8.0,8.0,1.0,1.0,1.0,8.0,8.0,8.0,8.0,8.0,8.0,8.0,8.0,8.0,8.0,8.0,8.0,1.0,1.0,1.0,1.0,8.0,8.0,8.0,8.0,8.0,8.0,8.0,8.0,8.0,8.0,8.0,8.0,8.0,8.0,1.0,8.0,8.0,10.0,8.0,8.0,8.0,10.0,10.0,10.0,10.0,10.0,10.0,10.0,1.0,1.0,8.0,8.0,8.0,10.0,10.0,10.0,10.0,10.0,10.0,10.0,8.0,10.0,8.0,8.0,8.0,8.0,8.0,8.0,10.0,10.0,10.0,10.0,10.0,10.0,10.0,10.0,8.0,10.0,10.0,8.0,8.0,8.0
MCD12Q1.A2004001.h09v04.006.2018054102526.LC_Type1,MCD12Q1,A2004001,Lat40.032878Lon-105.546403Samp17Line17,2018054102526,10.0,10.0,10.0,10.0,9.0,9.0,8.0,8.0,9.0,10.0,10.0,10.0,10.0,8.0,8.0,8.0,8.0,10.0,10.0,10.0,10.0,10.0,10.0,10.0,10.0,10.0,10.0,10.0,10.0,9.0,8.0,10.0,10.0,10.0,10.0,10.0,10.0,10.0,10.0,10.0,10.0,10.0,10.0,10.0,10.0,10.0,10.0,10.0,10.0,10.0,8.0,10.0,10.0,9.0,10.0,10.0,10.0,10.0,10.0,10.0,10.0,10.0,10.0,10.0,10.0,8.0,8.0,8.0,10.0,10.0,9.0,8.0,10.0,10.0,10.0,10.0,10.0,10.0,10.0,10.0,8.0,8.0,8.0,8.0,8.0,10.0,9.0,10.0,10.0,8.0,9.0,8.0,8.0,8.0,8.0,8.0,8.0,8.0,8.0,8.0,8.0,8.0,10.0,10.0,8.0,8.0,8.0,8.0,8.0,8.0,8.0,1.0,1.0,1.0,8.0,8.0,8.0,8.0,8.0,10.0,8.0,8.0,8.0,8.0,1.0,1.0,1.0,1.0,1.0,1.0,1.0,8.0,8.0,8.0,8.0,8.0,8.0,8.0,8.0,8.0,8.0,1.0,1.0,1.0,8.0,8.0,8.0,8.0,8.0,8.0,8.0,8.0,8.0,9.0,8.0,8.0,8.0,8.0,1.0,1.0,1.0,8.0,8.0,8.0,8.0,8.0,8.0,8.0,8.0,8.0,8.0,8.0,8.0,8.0,1.0,1.0,1.0,1.0,1.0,8.0,8.0,8.0,8.0,8.0,8.0,8.0,8.0,8.0,8.0,8.0,1.0,1.0,1.0,1.0,1.0,8.0,8.0,8.0,8.0,8.0,8.0,8.0,8.0,8.0,8.0,8.0,8.0,8.0,1.0,1.0,1.0,8.0,8.0,8.0,8.0,8.0,8.0,8.0,8.0,8.0,8.0,8.0,8.0,1.0,1.0,1.0,8.0,8.0,8.0,8.0,8.0,8.0,8.0,8.0,8.0,8.0,8.0,8.0,8.0,8.0,8.0,1.0,8.0,8.0,10.0,8.0,8.0,8.0,10.0,10.0,10.0,10.0,10.0,10.0,10.0,1.0,1.0,8.0,8.0,8.0,10.0,10.0,10.0,10.0,10.0,10.0,10.0,8.0,10.0,8.0,8.0,8.0,8.0,8.0,8.0,10.0,10.0,10.0,10.0,10.0,10.0,10.0,10.0,8.0,10.0,10.0,8.0,8.0,8.0
MCD12Q1.A2005001.h09v04.006.2018054110139.LC_Type1,MCD12Q1,A2005001,Lat40.032878Lon-105.546403Samp17Line17,2018054110139,10.0,10.0,10.0,10.0,9.0,9.0,8.0,8.0,10.0,10.0,10.0,10.0,10.0,8.0,8.0,8.0,8.0,10.0,10.0,10.0,10.0,10.0,10.0,10.0,10.0,10.0,10.0,10.0,10.0,9.0,8.0,10.0,10.0,10.0,10.0,10.0,10.0,10.0,10.0,10.0,10.0,10.0,10.0,10.0,10.0,10.0,10.0,10.0,10.0,10.0,8.0,10.0,10.0,9.0,10.0,9.0,10.0,10.0,10.0,10.0,10.0,10.0,10.0,10.0,10.0,8.0,8.0,8.0,10.0,10.0,9.0,8.0,10.0,10.0,10.0,10.0,10.0,10.0,10.0,10.0,9.0,8.0,8.0,8.0,8.0,10.0,9.0,10.0,8.0,8.0,9.0,8.0,8.0,8.0,8.0,8.0,1.0,8.0,8.0,8.0,8.0,8.0,10.0,10.0,8.0,8.0,8.0,8.0,8.0,8.0,8.0,1.0,1.0,1.0,1.0,8.0,8.0,8.0,8.0,10.0,8.0,8.0,8.0,8.0,1.0,1.0,1.0,1.0,1.0,1.0,1.0,8.0,8.0,8.0,8.0,8.0,8.0,9.0,8.0,8.0,8.0,1.0,1.0,1.0,8.0,8.0,8.0,8.0,8.0,8.0,8.0,8.0,8.0,9.0,8.0,8.0,8.0,8.0,1.0,1.0,1.0,1.0,8.0,8.0,8.0,8.0,8.0,8.0,8.0,8.0,8.0,8.0,8.0,8.0,1.0,1.0,1.0,1.0,1.0,8.0,8.0,8.0,8.0,8.0,8.0,8.0,8.0,8.0,8.0,8.0,1.0,1.0,1.0,1.0,1.0,8.0,8.0,8.0,8.0,8.0,8.0,8.0,8.0,8.0,8.0,8.0,8.0,8.0,8.0,1.0,1.0,8.0,8.0,8.0,8.0,8.0,8.0,8.0,8.0,8.0,8.0,8.0,8.0,1.0,8.0,1.0,8.0,8.0,8.0,8.0,8.0,8.0,8.0,8.0,8.0,8.0,8.0,8.0,8.0,8.0,8.0,1.0,8.0,8.0,10.0,8.0,8.0,8.0,10.0,10.0,10.0,10.0,10.0,10.0,10.0,1.0,1.0,8.0,8.0,10.0,10.0,10.0,10.0,10.0,10.0,10.0,10.0,8.0,10.0,8.0,8.0,8.0,8.0,8.0,8.0,10.0,10.0,10.0,10.0,10.0,10.0,10.0,10.0,8.0,10.0,8.0,8.0,8.0,8.0
MCD12Q1.A2006001.h09v04.006.2018054113713.LC_Type1,MCD12Q1,A2006001,Lat40.032878Lon-105.546403Samp17Line17,2018054113713,10.0,10.0,10.0,10.0,9.0,9.0,8.0,10.0,10.0,10.0,10.0,10.0,8.0,8.0,8.0,8.0,10.0,10.0,10.0,10.0,10.0,10.0,10.0,10.0,10.0,10.0,10.0,10.0,10.0,9.0,8.0,10.0,10.0,10.0,10.0,10.0,10.0,10.0,10.0,10.0,10.0,10.0,10.0,10.0,10.0,10.0,10.0,10.0,10.0,10.0,8.0,10.0,10.0,9.0,10.0,9.0,10.0,10.0,10.0,10.0,10.0,10.0,10.0,10.0,10.0,8.0,8.0,8.0,10.0,10.0,9.0,10.0,10.0,10.0,10.0,10.0,10.0,10.0,10.0,10.0,8.0,8.0,8.0,8.0,8.0,10.0,9.0,8.0,8.0,8.0,8.0,8.0,8.0,8.0,8.0,8.0,1.0,1.0,8.0,8.0,8.0,8.0,10.0,10.0,8.0,8.0,8.0,8.0,8.0,8.0,1.0,1.0,1.0,1.0,8.0,8.0,8.0,8.0,8.0,10.0,8.0,8.0,8.0,8.0,1.0,1.0,1.0,1.0,1.0,1.0,1.0,8.0,8.0,8.0,8.0,8.0,8.0,9.0,8.0,8.0,8.0,1.0,1.0,1.0,8.0,8.0,8.0,8.0,8.0,8.0,8.0,8.0,8.0,9.0,8.0,8.0,8.0,8.0,1.0,1.0,1.0,1.0,8.0,8.0,8.0,8.0,8.0,8.0,8.0,8.0,8.0,8.0,8.0,8.0,1.0,1.0,1.0,1.0,1.0,8.0,8.0,8.0,8.0,8.0,8.0,8.0,8.0,8.0,8.0,8.0,1.0,1.0,1.0,1.0,1.0,8.0,8.0,8.0,8.0,8.0,8.0,8.0,8.0,8.0,8.0,8.0,8.0,8.0,8.0,1.0,1.0,8.0,8.0,8.0,8.0,8.0,8.0,8.0,8.0,8.0,8.0,8.0,8.0,1.0,8.0,1.0,8.0,8.0,8.0,8.0,8.0,8.0,8.0,8.0,8.0,8.0,8.0,8.0,8.0,8.0,8.0,1.0,8.0,8.0,10.0,10.0,8.0,8.0,10.0,10.0,10.0,10.0,10.0,10.0,10.0,1.0,1.0,8.0,8.0,10.0,10.0,10.0,10.0,10.0,10.0,10.0,10.0,8.0,10.0,8.0,8.0,8.0,8.0,8.0,8.0,10.0,10.0,10.0,10.0,10.0,10.0,10.0,10.0,8.0,10.0,8.0,8.0,8.0,8.0
MCD12Q1.A2007001.h09v04.006.2018054170706.LC_Type1,MCD12Q1,A2007001,Lat40.032878Lon-105.546403Samp17Line17,2018054170706,10.0,10.0,10.0,10.0,9.0,9.0,8.0,10.0,10.0,10.0,10.0,10.0,8.0,8.0,8.0,8.0,9.0,10.0,10.0,10.0,10.0,10.0,10.0,10.0,10.0,10.0,10.0,10.0,10.0,10.0,8.0,8.0,10.0,10.0,10.0,10.0,10.0,10.0,10.0,10.0,10.0,10.0,10.0,10.0,10.0,10.0,10.0,10.0,10.0,10.0,8.0,10.0,10.0,10.0,10.0,9.0,10.0,10.0,10.0,10.0,10.0,10.0,10.0,10.0,10.0,8.0,8.0,8.0,10.0,10.0,9.0,8.0,10.0,10.0,10.0,10.0,10.0,10.0,10.0,10.0,8.0,8.0,8.0,8.0,8.0,10.0,9.0,8.0,9.0,8.0,8.0,8.0,8.0,8.0,8.0,8.0,1.0,1.0,8.0,8.0,8.0,8.0,10.0,10.0,8.0,8.0,8.0,8.0,1.0,1.0,1.0,1.0,1.0,1.0,8.0,8.0,8.0,8.0,8.0,10.0,8.0,8.0,8.0,8.0,1.0,1.0,1.0,1.0,1.0,8.0,1.0,8.0,8.0,8.0,8.0,8.0,8.0,9.0,8.0,8.0,8.0,1.0,1.0,1.0,8.0,8.0,8.0,8.0,8.0,8.0,8.0,8.0,8.0,9.0,8.0,8.0,8.0,8.0,1.0,1.0,1.0,1.0,8.0,8.0,8.0,8.0,8.0,8.0,8.0,8.0,8.0,8.0,8.0,8.0,1.0,1.0,1.0,1.0,1.0,8.0,8.0,8.0,8.0,8.0,8.0,8.0,8.0,8.0,8.0,8.0,1.0,1.0,1.0,1.0,1.0,8.0,8.0,8.0,8.0,8.0,8.0,8.0,8.0,8.0,8.0,8.0,8.0,8.0,1.0,1.0,1.0,8.0,8.0,8.0,8.0,8.0,8.0,8.0,8.0,8.0,8.0,8.0,8.0,1.0,8.0,1.0,8.0,8.0,8.0,8.0,8.0,8.0,8.0,8.0,10.0,8.0,8.0,8.0,8.0,8.0,8.0,1.0,8.0,8.0,10.0,10.0,8.0,8.0,10.0,10.0,10.0,10.0,10.0,10.0,10.0,1.0,1.0,8.0,8.0,10.0,10.0,10.0,10.0,10.0,10.0,10.0,10.0,8.0,10.0,8.0,8.0,8.0,8.0,8.0,8.0,10.0,10.0,10.0,10.0,10.0,10.0,10.0,10.0,8.0,10.0,8.0,8.0,8.0,8.0
MCD12Q1.A2008001.h09v04.006.2018054183609.LC_Type1,MCD12Q1,A2008001,Lat40.032878Lon-105.546403Samp17Line17,2018054183609,10.0,10.0,10.0,10.0,9.0,9.0,8.0,10.0,10.0,10.0,10.0,10.0,8.0,8.0,8.0,8.0,9.0,10.0,10.0,10.0,10.0,10.0,10.0,10.0,10.0,10.0,10.0,10.0,10.0,10.0,8.0,8.0,10.0,10.0,10.0,10.0,10.0,10.0,10.0,10.0,10.0,10.0,10.0,10.0,10.0,10.0,10.0,10.0,10.0,10.0,8.0,10.0,10.0,10.0,10.0,9.0,10.0,10.0,10.0,10.0,10.0,10.0,10.0,10.0,10.0,8.0,8.0,8.0,10.0,10.0,9.0,10.0,10.0,10.0,10.0,10.0,10.0,10.0,10.0,10.0,8.0,8.0,8.0,8.0,8.0,10.0,9.0,8.0,10.0,9.0,8.0,8.0,8.0,8.0,8.0,8.0,1.0,1.0,8.0,8.0,8.0,8.0,10.0,10.0,8.0,8.0,8.0,8.0,1.0,1.0,1.0,1.0,1.0,1.0,1.0,8.0,8.0,8.0,8.0,10.0,8.0,8.0,8.0,8.0,1.0,1.0,1.0,1.0,1.0,8.0,8.0,8.0,8.0,8.0,8.0,8.0,8.0,9.0,8.0,8.0,8.0,1.0,1.0,1.0,8.0,8.0,8.0,8.0,8.0,8.0,8.0,8.0,8.0,9.0,8.0,8.0,8.0,8.0,1.0,1.0,1.0,1.0,8.0,8.0,8.0,8.0,8.0,8.0,8.0,8.0,8.0,8.0,8.0,8.0,1.0,1.0,1.0,1.0,1.0,8.0,8.0,8.0,8.0,8.0,8.0,8.0,8.0,8.0,8.0,8.0,1.0,1.0,1.0,1.0,1.0,8.0,8.0,8.0,8.0,8.0,8.0,8.0,8.0,8.0,8.0,8.0,8.0,8.0,1.0,1.0,1.0,8.0,8.0,8.0,8.0,8.0,8.0,8.0,8.0,8.0,8.0,8.0,8.0,1.0,8.0,1.0,8.0,8.0,8.0,8.0,8.0,8.0,8.0,8.0,10.0,9.0,9.0,8.0,8.0,8.0,8.0,1.0,8.0,8.0,10.0,10.0,8.0,8.0,10.0,10.0,10.0,10.0,10.0,10.0,10.0,1.0,1.0,8.0,8.0,10.0,10.0,10.0,10.0,10.0,10.0,10.0,10.0,10.0,10.0,8.0,8.0,8.0,8.0,8.0,8.0,10.0,10.0,10.0,10.0,10.0,10.0,10.0,10.0,8.0,10.0,10.0,8.0,8.0,8.0
MCD12Q1.A2009001.h09v04.006.2018054191842.LC_Type1,MCD12Q1,A2009001,Lat40.032878Lon-105.546403Samp17Line17,2018054191842,10.0,10.0,10.0,10.0,9.0,9.0,8.0,10.0,10.0,10.0,10.0,10.0,8.0,8.0,8.0,8.0,9.0,10.0,10.0,10.0,10.0,10.0,10.0,10.0,10.0,10.0,10.0,10.0,10.0,10.0,8.0,8.0,10.0,10.0,10.0,10.0,10.0,10.0,10.0,10.0,10.0,10.0,10.0,10.0,10.0,10.0,10.0,10.0,10.0,10.0,8.0,10.0,10.0,10.0,10.0,9.0,10.0,10.0,10.0,10.0,10.0,10.0,10.0,10.0,10.0,8.0,8.0,8.0,10.0,10.0,9.0,10.0,10.0,10.0,10.0,10.0,10.0,10.0,10.0,10.0,8.0,8.0,8.0,8.0,8.0,10.0,10.0,8.0,10.0,8.0,8.0,8.0,8.0,8.0,8.0,8.0,1.0,1.0,8.0,8.0,8.0,8.0,10.0,10.0,8.0,8.0,8.0,8.0,1.0,8.0,8.0,1.0,1.0,1.0,1.0,8.0,8.0,8.0,8.0,10.0,8.0,8.0,8.0,8.0,1.0,1.0,8.0,1.0,1.0,8.0,8.0,8.0,8.0,8.0,8.0,8.0,8.0,9.0,8.0,8.0,8.0,1.0,1.0,1.0,8.0,8.0,8.0,8.0,8.0,8.0,8.0,8.0,8.0,9.0,8.0,8.0,8.0,8.0,1.0,1.0,1.0,1.0,8.0,8.0,8.0,8.0,8.0,8.0,8.0,8.0,8.0,8.0,8.0,8.0,1.0,1.0,1.0,1.0,1.0,8.0,8.0,8.0,8.0,8.0,8.0,8.0,8.0,8.0,8.0,8.0,1.0,1.0,1.0,1.0,1.0,8.0,8.0,8.0,8.0,8.0,8.0,8.0,8.0,8.0,8.0,8.0,8.0,8.0,8.0,1.0,1.0,8.0,8.0,8.0,8.0,8.0,8.0,8.0,8.0,8.0,8.0,8.0,8.0,1.0,8.0,1.0,8.0,8.0,8.0,8.0,8.0,8.0,8.0,10.0,10.0,9.0,9.0,8.0,8.0,8.0,8.0,1.0,8.0,8.0,10.0,10.0,8.0,8.0,10.0,10.0,10.0,10.0,10.0,10.0,10.0,1.0,1.0,8.0,8.0,10.0,10.0,10.0,10.0,10.0,10.0,10.0,10.0,10.0,10.0,8.0,8.0,8.0,8.0,8.0,8.0,10.0,10.0,10.0,10.0,10.0,10.0,10.0,10.0,8.0,10.0,10.0,8.0,8.0,8.0
MCD12Q1.A2010001.h09v04.006.2018054195649.LC_Type1,MCD12Q1,A2010001,Lat40.032878Lon-105.546403Samp17Line17,2018054195649,10.0,10.0,10.0,10.0,9.0,10.0,8.0,10.0,10.0,10.0,10.0,10.0,8.0,8.0,8.0,8.0,9.0,10.0,10.0,10.0,10.0,10.0,10.0,10.0,10.0,10.0,10.0,10.0,10.0,10.0,8.0,10.0,10.0,10.0,10.0,10.0,10.0,10.0,10.0,10.0,10.0,10.0,10.0,10.0,10.0,10.0,10.0,10.0,10.0,10.0,8.0,10.0,10.0,10.0,10.0,10.0,10.0,10.0,10.0,10.0,10.0,10.0,10.0,10.0,10.0,8.0,8.0,8.0,10.0,10.0,9.0,10.0,10.0,10.0,10.0,10.0,10.0,10.0,10.0,10.0,8.0,8.0,8.0,8.0,8.0,10.0,10.0,8.0,10.0,8.0,8.0,8.0,8.0,8.0,8.0,8.0,8.0,1.0,8.0,8.0,8.0,8.0,10.0,10.0,8.0,8.0,8.0,8.0,8.0,8.0,8.0,1.0,1.0,1.0,1.0,8.0,8.0,8.0,8.0,8.0,8.0,8.0,8.0,8.0,1.0,1.0,8.0,1.0,1.0,8.0,8.0,8.0,8.0,8.0,8.0,8.0,9.0,9.0,8.0,8.0,8.0,1.0,1.0,1.0,8.0,8.0,8.0,8.0,8.0,8.0,8.0,8.0,8.0,9.0,8.0,8.0,8.0,8.0,1.0,1.0,1.0,1.0,8.0,8.0,8.0,8.0,8.0,8.0,8.0,8.0,8.0,8.0,8.0,1.0,1.0,1.0,1.0,1.0,1.0,8.0,8.0,8.0,8.0,8.0,8.0,8.0,8.0,8.0,8.0,8.0,1.0,1.0,1.0,1.0,1.0,8.0,8.0,8.0,8.0,8.0,8.0,8.0,8.0,8.0,8.0,8.0,8.0,8.0,8.0,1.0,1.0,8.0,8.0,8.0,8.0,8.0,8.0,8.0,8.0,8.0,8.0,8.0,8.0,8.0,8.0,1.0,8.0,8.0,8.0,8.0,8.0,8.0,10.0,8.0,10.0,9.0,8.0,8.0,8.0,8.0,8.0,1.0,8.0,8.0,10.0,10.0,8.0,8.0,10.0,10.0,10.0,10.0,10.0,10.0,10.0,1.0,1.0,8.0,8.0,10.0,10.0,10.0,10.0,10.0,10.0,10.0,10.0,10.0,10.0,8.0,8.0,8.0,8.0,8.0,8.0,10.0,10.0,10.0,10.0,10.0,10.0,10.0,10.0,10.0,10.0,10.0,10.0,8.0,8.0
MCD12Q1.A2011001.h09v04.006.2018054203304.LC_Type1,MCD12Q1,A2011001,Lat40.032878Lon-105.546403Samp17Line17,2018054203304,10.0,10.0,10.0,10.0,9.0,9.0,8.0,10.0,10.0,10.0,10.0,10.0,8.0,8.0,8.0,8.0,9.0,10.0,10.0,10.0,10.0,10.0,10.0,10.0,10.0,10.0,10.0,10.0,10.0,10.0,8.0,10.0,10.0,10.0,10.0,10.0,10.0,10.0,10.0,10.0,10.0,10.0,10.0,10.0,10.0,10.0,10.0,10.0,10.0,10.0,8.0,10.0,10.0,10.0,10.0,10.0,10.0,10.0,10.0,10.0,10.0,10.0,10.0,10.0,10.0,8.0,8.0,8.0,10.0,10.0,9.0,10.0,10.0,10.0,10.0,10.0,10.0,10.0,10.0,10.0,8.0,8.0,8.0,8.0,8.0,10.0,10.0,8.0,10.0,9.0,8.0,8.0,8.0,8.0,8.0,8.0,8.0,8.0,8.0,8.0,8.0,8.0,10.0,10.0,8.0,8.0,8.0,8.0,8.0,8.0,8.0,1.0,1.0,1.0,1.0,8.0,8.0,8.0,8.0,8.0,8.0,8.0,8.0,8.0,1.0,1.0,8.0,1.0,1.0,8.0,8.0,8.0,8.0,8.0,8.0,8.0,9.0,8.0,8.0,8.0,8.0,1.0,1.0,1.0,8.0,8.0,8.0,8.0,8.0,8.0,8.0,8.0,8.0,9.0,8.0,8.0,8.0,8.0,1.0,1.0,1.0,1.0,8.0,8.0,8.0,8.0,8.0,8.0,8.0,8.0,8.0,8.0,8.0,1.0,1.0,1.0,1.0,1.0,1.0,8.0,8.0,8.0,8.0,8.0,8.0,8.0,8.0,8.0,8.0,8.0,8.0,1.0,1.0,1.0,1.0,8.0,8.0,8.0,8.0,8.0,8.0,8.0,8.0,8.0,8.0,8.0,8.0,8.0,8.0,1.0,1.0,8.0,8.0,8.0,8.0,8.0,9.0,9.0,8.0,8.0,8.0,8.0,8.0,8.0,8.0,1.0,8.0,8.0,8.0,8.0,8.0,8.0,10.0,8.0,10.0,9.0,9.0,8.0,8.0,8.0,8.0,1.0,8.0,8.0,10.0,10.0,8.0,8.0,10.0,10.0,10.0,10.0,10.0,10.0,10.0,1.0,1.0,8.0,8.0,10.0,10.0,10.0,10.0,10.0,10.0,10.0,10.0,10.0,10.0,8.0,8.0,8.0,8.0,8.0,8.0,10.0,10.0,10.0,10.0,10.0,10.0,10.0,10.0,10.0,10.0,10.0,10.0,8.0,8.0
MCD12Q1.A2012001.h09v04.006.2018054215001.LC_Type1,MCD12Q1,A2012001,Lat40.032878Lon-105.546403Samp17Line17,2018054215001,10.0,10.0,10.0,10.0,9.0,9.0,8.0,10.0,10.0,10.0,10.0,10.0,8.0,8.0,8.0,8.0,9.0,10.0,10.0,10.0,10.0,10.0,10.0,10.0,10.0,10.0,10.0,10.0,10.0,10.0,8.0,10.0,10.0,10.0,10.0,10.0,10.0,10.0,10.0,10.0,10.0,10.0,10.0,10.0,10.0,10.0,10.0,10.0,10.0,10.0,8.0,10.0,10.0,10.0,10.0,10.0,10.0,10.0,10.0,10.0,10.0,10.0,10.0,10.0,10.0,8.0,8.0,8.0,10.0,10.0,9.0,10.0,10.0,10.0,10.0,10.0,10.0,10.0,10.0,10.0,8.0,8.0,8.0,8.0,8.0,10.0,10.0,10.0,10.0,9.0,9.0,8.0,8.0,8.0,8.0,8.0,8.0,8.0,8.0,8.0,8.0,8.0,10.0,10.0,8.0,8.0,8.0,8.0,8.0,8.0,8.0,1.0,1.0,1.0,8.0,8.0,8.0,8.0,8.0,10.0,8.0,8.0,8.0,8.0,1.0,1.0,8.0,1.0,1.0,8.0,8.0,8.0,8.0,8.0,8.0,8.0,9.0,8.0,8.0,8.0,8.0,1.0,1.0,1.0,8.0,8.0,8.0,8.0,8.0,8.0,8.0,8.0,8.0,9.0,8.0,8.0,8.0,8.0,1.0,1.0,1.0,1.0,8.0,8.0,8.0,8.0,8.0,8.0,8.0,8.0,8.0,8.0,8.0,1.0,1.0,1.0,1.0,1.0,1.0,8.0,8.0,8.0,8.0,8.0,8.0,8.0,8.0,8.0,8.0,8.0,8.0,1.0,1.0,1.0,1.0,8.0,8.0,8.0,8.0,8.0,8.0,8.0,8.0,8.0,8.0,8.0,8.0,8.0,8.0,1.0,1.0,8.0,8.0,8.0,8.0,8.0,9.0,9.0,8.0,8.0,8.0,8.0,8.0,8.0,8.0,1.0,8.0,8.0,8.0,8.0,8.0,8.0,10.0,10.0,10.0,9.0,8.0,8.0,8.0,8.0,8.0,1.0,8.0,8.0,10.0,10.0,8.0,8.0,10.0,10.0,10.0,10.0,10.0,10.0,10.0,1.0,1.0,8.0,8.0,8.0,10.0,10.0,10.0,10.0,10.0,10.0,10.0,10.0,10.0,8.0,8.0,8.0,8.0,8.0,9.0,10.0,10.0,10.0,10.0,10.0,10.0,10.0,10.0,10.0,10.0,10.0,8.0,8.0,8.0
MCD12Q1.A2013001.h09v04.006.2018055005231.LC_Type1,MCD12Q1,A2013001,Lat40.032878Lon-105.546403Samp17Line17,2018055005231,10.0,10.0,9.0,10.0,9.0,9.0,8.0,10.0,10.0,10.0,10.0,10.0,8.0,8.0,8.0,8.0,9.0,10.0,10.0,10.0,10.0,10.0,10.0,10.0,10.0,10.0,10.0,10.0,10.0,10.0,8.0,10.0,10.0,10.0,10.0,10.0,10.0,10.0,10.0,10.0,10.0,10.0,10.0,10.0,10.0,10.0,10.0,10.0,10.0,10.0,8.0,10.0,10.0,10.0,9.0,10.0,10.0,10.0,10.0,10.0,10.0,10.0,10.0,10.0,10.0,8.0,8.0,8.0,10.0,10.0,9.0,10.0,10.0,10.0,10.0,10.0,10.0,10.0,10.0,10.0,8.0,8.0,8.0,8.0,8.0,10.0,10.0,10.0,10.0,9.0,9.0,8.0,8.0,8.0,8.0,8.0,8.0,8.0,8.0,8.0,8.0,8.0,10.0,10.0,8.0,8.0,8.0,8.0,8.0,8.0,8.0,1.0,1.0,1.0,8.0,8.0,8.0,8.0,8.0,10.0,8.0,8.0,8.0,8.0,1.0,1.0,1.0,1.0,1.0,1.0,8.0,8.0,8.0,8.0,8.0,8.0,9.0,9.0,8.0,8.0,8.0,1.0,1.0,1.0,8.0,8.0,8.0,8.0,8.0,8.0,8.0,8.0,8.0,9.0,8.0,8.0,8.0,8.0,8.0,1.0,1.0,1.0,8.0,8.0,8.0,8.0,8.0,8.0,8.0,8.0,8.0,8.0,8.0,1.0,1.0,1.0,1.0,1.0,1.0,8.0,8.0,8.0,8.0,8.0,8.0,8.0,8.0,8.0,8.0,8.0,8.0,1.0,8.0,1.0,1.0,8.0,8.0,8.0,8.0,8.0,8.0,8.0,8.0,8.0,8.0,8.0,8.0,8.0,8.0,1.0,1.0,8.0,9.0,8.0,8.0,8.0,9.0,9.0,9.0,8.0,8.0,8.0,8.0,8.0,8.0,1.0,8.0,8.0,8.0,8.0,8.0,8.0,10.0,10.0,10.0,9.0,8.0,8.0,8.0,8.0,8.0,1.0,8.0,8.0,10.0,10.0,8.0,8.0,10.0,10.0,10.0,10.0,10.0,10.0,10.0,1.0,1.0,8.0,8.0,8.0,10.0,10.0,10.0,10.0,10.0,10.0,10.0,10.0,10.0,8.0,8.0,8.0,8.0,8.0,9.0,10.0,10.0,10.0,10.0,10.0,10.0,10.0,10.0,10.0,10.0,10.0,8.0,8.0,8.0
MCD12Q1.A2014001.h09v04.006.2018055022231.LC_Type1,MCD12Q1,A2014001,Lat40.032878Lon-105.546403Samp17Line17,2018055022231,10.0,10.0,9.0,10.0,9.0,9.0,8.0,10.0,8.0,10.0,10.0,10.0,8.0,8.0,8.0,8.0,9.0,10.0,10.0,10.0,10.0,10.0,10.0,10.0,10.0,10.0,10.0,10.0,10.0,10.0,8.0,9.0,10.0,10.0,10.0,10.0,10.0,10.0,10.0,10.0,10.0,10.0,10.0,10.0,10.0,10.0,10.0,10.0,10.0,10.0,8.0,10.0,10.0,10.0,10.0,10.0,10.0,10.0,10.0,10.0,10.0,10.0,10.0,10.0,10.0,9.0,8.0,1.0,10.0,9.0,9.0,10.0,10.0,10.0,10.0,10.0,10.0,10.0,10.0,10.0,8.0,8.0,8.0,8.0,8.0,10.0,10.0,9.0,10.0,9.0,9.0,8.0,8.0,8.0,8.0,8.0,8.0,8.0,8.0,8.0,8.0,8.0,10.0,10.0,8.0,8.0,8.0,8.0,8.0,8.0,8.0,1.0,1.0,1.0,8.0,8.0,8.0,8.0,8.0,10.0,8.0,8.0,8.0,8.0,8.0,1.0,1.0,1.0,1.0,8.0,8.0,8.0,8.0,8.0,8.0,8.0,9.0,9.0,9.0,8.0,8.0,1.0,1.0,1.0,8.0,8.0,8.0,8.0,8.0,8.0,8.0,8.0,8.0,9.0,9.0,8.0,8.0,8.0,8.0,1.0,1.0,1.0,8.0,8.0,8.0,8.0,8.0,8.0,8.0,8.0,8.0,8.0,8.0,1.0,8.0,1.0,1.0,1.0,1.0,8.0,8.0,8.0,8.0,8.0,8.0,8.0,8.0,8.0,8.0,8.0,8.0,1.0,8.0,1.0,1.0,8.0,8.0,8.0,8.0,8.0,8.0,8.0,8.0,8.0,8.0,8.0,8.0,8.0,8.0,1.0,1.0,8.0,9.0,8.0,8.0,8.0,9.0,9.0,9.0,8.0,8.0,8.0,8.0,8.0,8.0,1.0,8.0,8.0,8.0,8.0,8.0,8.0,10.0,10.0,10.0,9.0,8.0,8.0,8.0,8.0,8.0,1.0,8.0,8.0,10.0,10.0,8.0,8.0,10.0,10.0,10.0,10.0,10.0,10.0,10.0,1.0,1.0,8.0,8.0,8.0,10.0,10.0,10.0,10.0,10.0,10.0,10.0,10.0,10.0,8.0,8.0,8.0,8.0,8.0,9.0,10.0,10.0,10.0,10.0,10.0,10.0,10.0,10.0,10.0,10.0,10.0,8.0,8.0,8.0
MCD12Q1.A2015001.h09v04.006.2018055062819.LC_Type1,MCD12Q1,A2015001,Lat40.032878Lon-105.546403Samp17Line17,2018055062819,10.0,10.0,9.0,10.0,9.0,10.0,10.0,10.0,8.0,10.0,10.0,10.0,8.0,8.0,8.0,8.0,9.0,10.0,10.0,10.0,10.0,10.0,10.0,10.0,10.0,10.0,10.0,10.0,10.0,10.0,8.0,9.0,10.0,10.0,10.0,10.0,10.0,10.0,10.0,10.0,10.0,10.0,10.0,10.0,10.0,10.0,10.0,10.0,10.0,10.0,8.0,10.0,10.0,10.0,10.0,10.0,10.0,10.0,10.0,10.0,10.0,10.0,10.0,10.0,10.0,9.0,8.0,1.0,10.0,9.0,10.0,10.0,10.0,10.0,10.0,10.0,10.0,10.0,10.0,10.0,9.0,8.0,8.0,8.0,8.0,10.0,10.0,9.0,10.0,9.0,9.0,8.0,8.0,8.0,8.0,8.0,8.0,8.0,8.0,8.0,8.0,8.0,10.0,10.0,9.0,8.0,8.0,8.0,8.0,8.0,8.0,8.0,1.0,1.0,8.0,8.0,8.0,8.0,8.0,10.0,8.0,8.0,8.0,8.0,8.0,1.0,1.0,1.0,1.0,8.0,8.0,8.0,8.0,8.0,8.0,8.0,9.0,9.0,9.0,9.0,8.0,1.0,1.0,1.0,8.0,8.0,8.0,8.0,8.0,8.0,8.0,8.0,8.0,9.0,9.0,8.0,8.0,8.0,8.0,1.0,1.0,1.0,8.0,8.0,8.0,8.0,8.0,8.0,8.0,8.0,8.0,8.0,8.0,1.0,8.0,1.0,1.0,1.0,1.0,8.0,8.0,8.0,8.0,8.0,8.0,8.0,8.0,8.0,8.0,8.0,8.0,1.0,8.0,1.0,1.0,8.0,8.0,8.0,8.0,8.0,8.0,8.0,8.0,8.0,8.0,8.0,8.0,8.0,8.0,1.0,1.0,8.0,9.0,8.0,8.0,9.0,9.0,9.0,9.0,8.0,8.0,8.0,8.0,8.0,8.0,1.0,8.0,8.0,8.0,8.0,8.0,8.0,10.0,10.0,10.0,9.0,8.0,8.0,8.0,8.0,8.0,1.0,8.0,8.0,10.0,10.0,8.0,8.0,10.0,10.0,10.0,10.0,10.0,10.0,10.0,1.0,1.0,8.0,8.0,8.0,10.0,10.0,10.0,10.0,10.0,10.0,10.0,10.0,10.0,8.0,8.0,10.0,8.0,8.0,9.0,10.0,10.0,10.0,10.0,10.0,10.0,10.0,10.0,10.0,10.0,10.0,8.0,8.0,8.0
MCD12Q1.A2016001.h09v04.006.2018055070404.LC_Type1,MCD12Q1,A2016001,Lat40.032878Lon-105.546403Samp17Line17,2018055070404,10.0,10.0,9.0,10.0,9.0,10.0,10.0,10.0,9.0,10.0,10.0,10.0,8.0,8.0,8.0,8.0,8.0,10.0,10.0,10.0,10.0,10.0,10.0,10.0,10.0,10.0,10.0,10.0,10.0,10.0,8.0,9.0,10.0,10.0,10.0,10.0,10.0,10.0,10.0,10.0,10.0,10.0,10.0,10.0,10.0,10.0,10.0,10.0,10.0,10.0,8.0,10.0,10.0,10.0,10.0,10.0,10.0,10.0,10.0,10.0,10.0,10.0,10.0,10.0,10.0,9.0,8.0,1.0,10.0,9.0,10.0,10.0,10.0,10.0,10.0,10.0,10.0,10.0,10.0,10.0,9.0,8.0,8.0,8.0,8.0,10.0,10.0,8.0,10.0,9.0,9.0,8.0,8.0,8.0,8.0,8.0,8.0,8.0,8.0,8.0,8.0,8.0,10.0,10.0,9.0,8.0,8.0,8.0,8.0,8.0,8.0,8.0,1.0,1.0,8.0,8.0,8.0,8.0,8.0,10.0,8.0,8.0,8.0,8.0,8.0,1.0,1.0,1.0,1.0,8.0,8.0,8.0,8.0,8.0,8.0,8.0,9.0,9.0,9.0,9.0,8.0,1.0,1.0,1.0,8.0,8.0,8.0,8.0,8.0,8.0,8.0,8.0,8.0,9.0,9.0,8.0,8.0,8.0,8.0,1.0,1.0,1.0,8.0,8.0,8.0,8.0,8.0,8.0,8.0,8.0,8.0,8.0,8.0,1.0,8.0,1.0,1.0,1.0,1.0,8.0,8.0,8.0,8.0,8.0,8.0,8.0,8.0,8.0,8.0,8.0,8.0,1.0,8.0,1.0,1.0,8.0,8.0,8.0,8.0,8.0,8.0,8.0,8.0,8.0,8.0,8.0,8.0,8.0,8.0,1.0,1.0,8.0,8.0,8.0,8.0,9.0,9.0,9.0,9.0,8.0,8.0,8.0,8.0,8.0,8.0,1.0,8.0,8.0,8.0,8.0,8.0,8.0,9.0,10.0,10.0,9.0,8.0,8.0,8.0,8.0,8.0,1.0,8.0,8.0,10.0,10.0,8.0,8.0,10.0,10.0,10.0,10.0,10.0,10.0,10.0,1.0,8.0,8.0,8.0,8.0,10.0,10.0,10.0,10.0,10.0,10.0,10.0,10.0,10.0,8.0,8.0,10.0,8.0,8.0,9.0,10.0,10.0,10.0,10.0,10.0,10.0,10.0,10.0,10.0,10.0,10.0,8.0,8.0,8.0
